{
  "configVersion": 1,
  "timestamp": 1753496032036,
  "index": "/index.html",
  "assetGroups": [
    {
      "name": "app",
      "installMode": "prefetch",
      "updateMode": "prefetch",
      "cacheQueryOptions": {
        "ignoreVary": true
      },
      "urls": [
        "/chunk-25JSZYH4.js",
        "/chunk-2NBUVEM7.js",
        "/chunk-2UOZ7P7P.js",
        "/chunk-2YSZFPCQ.js",
        "/chunk-3AVLSRRG.js",
        "/chunk-3FTMMVQT.js",
        "/chunk-3J7GGTVR.js",
        "/chunk-42C7ZIID.js",
        "/chunk-44GZC6KP.js",
        "/chunk-44L2BZ4V.js",
        "/chunk-455GVVJ5.js",
        "/chunk-46MB2UMT.js",
        "/chunk-4PLXBFF6.js",
        "/chunk-4WFVMWDK.js",
        "/chunk-4X4JDB5U.js",
        "/chunk-52OIDMI5.js",
        "/chunk-572LLHHX.js",
        "/chunk-57YRIO75.js",
        "/chunk-5HKGP5UB.js",
        "/chunk-5J6A2IZX.js",
        "/chunk-62ZIJIAH.js",
        "/chunk-65AWNJ35.js",
        "/chunk-76AVUBXS.js",
        "/chunk-7A7ZO2QL.js",
        "/chunk-7AWZMT3R.js",
        "/chunk-7DDUYM4Q.js",
        "/chunk-7FY2OE2O.js",
        "/chunk-7QRBBERR.js",
        "/chunk-A6HAGROQ.js",
        "/chunk-ABEOFHPV.js",
        "/chunk-AHB567SM.js",
        "/chunk-AJAWNUS3.js",
        "/chunk-ALBOHBY7.js",
        "/chunk-AOWMHXLT.js",
        "/chunk-AWODO6AG.js",
        "/chunk-B7IK2G5Z.js",
        "/chunk-BBYNXHQY.js",
        "/chunk-BKPXWJ24.js",
        "/chunk-BPA3JQGJ.js",
        "/chunk-BQLIRNRJ.js",
        "/chunk-BQSXIHOG.js",
        "/chunk-C5RQ2IC2.js",
        "/chunk-CKP3SGE2.js",
        "/chunk-CM36DTTZ.js",
        "/chunk-D4ZHXQQS.js",
        "/chunk-DCYPPRAK.js",
        "/chunk-DFAMUM5K.js",
        "/chunk-E7ZOKENL.js",
        "/chunk-EA4QGESH.js",
        "/chunk-EAO2GMQP.js",
        "/chunk-EML4Z42K.js",
        "/chunk-FA25AEA4.js",
        "/chunk-FPOZYJOD.js",
        "/chunk-FPYZKSH4.js",
        "/chunk-FRKIGHE4.js",
        "/chunk-GDF6KDIK.js",
        "/chunk-GT5GH2MC.js",
        "/chunk-HJRICCH7.js",
        "/chunk-HRORXLUI.js",
        "/chunk-IK5HEOFA.js",
        "/chunk-ILQCMFU7.js",
        "/chunk-ISKAMAXF.js",
        "/chunk-J4HE5L3X.js",
        "/chunk-JAVDZOHE.js",
        "/chunk-JHI3MBHO.js",
        "/chunk-JRHPA2OH.js",
        "/chunk-JWPD6IDQ.js",
        "/chunk-JXO4FJDV.js",
        "/chunk-K5EAVOAE.js",
        "/chunk-KD7IO6OC.js",
        "/chunk-KJSER43M.js",
        "/chunk-KOCN25GP.js",
        "/chunk-LNOI6MBC.js",
        "/chunk-M2X7KQLB.js",
        "/chunk-MHYDEEIR.js",
        "/chunk-MTHZ7MWU.js",
        "/chunk-MWYXYHWS.js",
        "/chunk-NIEPKJ4W.js",
        "/chunk-NLLETZA3.js",
        "/chunk-NN6OCLIV.js",
        "/chunk-NQGOKQRF.js",
        "/chunk-O3G4RVFH.js",
        "/chunk-ODR5KWPD.js",
        "/chunk-OE366EJI.js",
        "/chunk-OI3UAFFR.js",
        "/chunk-OLE52M43.js",
        "/chunk-OVGDV7IK.js",
        "/chunk-OW5WNTIG.js",
        "/chunk-OXN6DWIF.js",
        "/chunk-P4YT7ILC.js",
        "/chunk-PAF2PI5E.js",
        "/chunk-QEZJALRR.js",
        "/chunk-QH4SWFDM.js",
        "/chunk-QJCI42UW.js",
        "/chunk-QO6LP6CN.js",
        "/chunk-QUJFQN2Y.js",
        "/chunk-QXRKCPK7.js",
        "/chunk-R5HL6L5F.js",
        "/chunk-R5SHVWC7.js",
        "/chunk-RAVDJK6K.js",
        "/chunk-RNC2NPLC.js",
        "/chunk-ROD5I64S.js",
        "/chunk-RTGKYQSJ.js",
        "/chunk-RXMOXK3M.js",
        "/chunk-S2VJO3LT.js",
        "/chunk-SCKONRGC.js",
        "/chunk-SE6TZ7MM.js",
        "/chunk-T2Z3RKML.js",
        "/chunk-T3JRH6H2.js",
        "/chunk-T4LVB24G.js",
        "/chunk-TAXKDDZC.js",
        "/chunk-TRB3QAIZ.js",
        "/chunk-TYT4MLS6.js",
        "/chunk-ULUBRAOE.js",
        "/chunk-UW4EDRBU.js",
        "/chunk-UYAJIX6X.js",
        "/chunk-V6E7KJKS.js",
        "/chunk-VCHLP75Z.js",
        "/chunk-VL4K7EPI.js",
        "/chunk-WEJZ66ED.js",
        "/chunk-WI5MSH4N.js",
        "/chunk-WINHRZQU.js",
        "/chunk-X6KN5DM7.js",
        "/chunk-XCHF2ADM.js",
        "/chunk-XI5N6AYR.js",
        "/chunk-XOMAOU2V.js",
        "/chunk-XSGAG2DX.js",
        "/chunk-Y24NU5UR.js",
        "/chunk-YMJSLXJU.js",
        "/chunk-YQE4XPYF.js",
        "/chunk-YSN7XVTD.js",
        "/chunk-ZGHBVQKU.js",
        "/chunk-ZI3DUJSD.js",
        "/chunk-ZNIXM5WT.js",
        "/index.html",
        "/main-IFHSCLGX.js",
        "/polyfills-6BIPK22E.js",
        "/styles-JQSYE4E5.css"
      ],
      "patterns": []
    },
    {
      "name": "assets",
      "installMode": "lazy",
      "updateMode": "prefetch",
      "cacheQueryOptions": {
        "ignoreVary": true
      },
      "urls": [
        "/assets/icon/favicon.png",
        "/assets/shapes.svg"
      ],
      "patterns": []
    }
  ],
  "dataGroups": [],
  "hashTable": {
    "/assets/icon/favicon.png": "7798b8e0eb61d7375c245af78bbf5c916932bf13",
    "/assets/shapes.svg": "5413e95adabcb2cb639970051f55e0ddb64ace53",
    "/chunk-25JSZYH4.js": "cb5049a54c4f57e9301d611f95fead9b3c313a49",
    "/chunk-2NBUVEM7.js": "2951b220a3d0193586fa60b92f0918528dbd9c70",
    "/chunk-2UOZ7P7P.js": "bf5deec71526346945f02e1380ef19274b046773",
    "/chunk-2YSZFPCQ.js": "24059a303257ee4b1b2709f81e7640627fdaa6d9",
    "/chunk-3AVLSRRG.js": "198726b63e943c6dea201640703ff2de35bf77df",
    "/chunk-3FTMMVQT.js": "a4fc03defbb672acf85bcf31c0c5b003376973c2",
    "/chunk-3J7GGTVR.js": "545e5e4869351fc01305dea9c510add0044ebd80",
    "/chunk-42C7ZIID.js": "9a4312a44cc8ab8573488a48a18c01a6bb352c6b",
    "/chunk-44GZC6KP.js": "112c74456eaaa52fc4d1f6fb414ffd11dbf3c60e",
    "/chunk-44L2BZ4V.js": "2a4ec5024e107281279d1c091a45799be3b2e639",
    "/chunk-455GVVJ5.js": "49fb6211e5e205acf8a9846f4cdc23f198696199",
    "/chunk-46MB2UMT.js": "eaa741ce00e30db15bd08fa045bb9a1ac30c707f",
    "/chunk-4PLXBFF6.js": "c8e09b86e8150189dfeeb205108a9e7fefb2a3da",
    "/chunk-4WFVMWDK.js": "5b6d47107e58373ea3dc79e4e6878406e21505e8",
    "/chunk-4X4JDB5U.js": "3a42e8e03b3c0896f694cfea62d5bd1dc585aeb7",
    "/chunk-52OIDMI5.js": "a5688d42e0b345c6265ccb9d5ce2215b4f3f9a83",
    "/chunk-572LLHHX.js": "2e65111b67119b29f6c276cb858efa3cbd1d46c9",
    "/chunk-57YRIO75.js": "7646de8327c9bcd10d9e5774e7203a933e36be11",
    "/chunk-5HKGP5UB.js": "45a62d80ab6dfeea649af8231a29943d7fd6bbca",
    "/chunk-5J6A2IZX.js": "5d5de690a4c669ccb870072ac45c273f33340ec1",
    "/chunk-62ZIJIAH.js": "bceb033faddcf26124f3b9d67339bc00bfde396f",
    "/chunk-65AWNJ35.js": "16e5adc1c0565249d617aa36baeea5e83792ea15",
    "/chunk-76AVUBXS.js": "0884b01376ffcbd7eb30f91a48b5bbffb00f840a",
    "/chunk-7A7ZO2QL.js": "6aef1675f3127220ffb61963db5ed7137aedd9f3",
    "/chunk-7AWZMT3R.js": "1e7cd3fbb455cc25fbe532868d06bc8b7e17eb64",
    "/chunk-7DDUYM4Q.js": "6ec701ce76571c4a2e76101cdfd653a479f914fd",
    "/chunk-7FY2OE2O.js": "9fd09eff4c02e0df12ab340a07d69eac42b21a53",
    "/chunk-7QRBBERR.js": "c31e648961fd7a3031e3758e314503eb9c892df3",
    "/chunk-A6HAGROQ.js": "922d1322fa68f272f9768fd675699268f9d40042",
    "/chunk-ABEOFHPV.js": "e75d93e3f388e274570d4847557e8f31e2acf8d1",
    "/chunk-AHB567SM.js": "88edf13641665b1f42283878a9a61d233d64e847",
    "/chunk-AJAWNUS3.js": "cda25d04b8b74a883d12b1e2f860f4a39d18c496",
    "/chunk-ALBOHBY7.js": "16f040383c508e653a635edcc34ea92dd6817492",
    "/chunk-AOWMHXLT.js": "74b7c2158231e6a0b09485862e1f4db764f7c973",
    "/chunk-AWODO6AG.js": "15929ac6e0b3831615da19a90fab79d30cd0be46",
    "/chunk-B7IK2G5Z.js": "3f126fc50cba14c6241b33ab91d504abe7305df3",
    "/chunk-BBYNXHQY.js": "f4580b9698764d30f1a4c26d24ed4d523704292f",
    "/chunk-BKPXWJ24.js": "4f51d46b30094f1f2ed32b918fe6cd909e37fad7",
    "/chunk-BPA3JQGJ.js": "0ca1523293c3c1b597aede6744570f752b3323fb",
    "/chunk-BQLIRNRJ.js": "3d3ae5e88b972ccf3dd9762a9f21b5d837785ebe",
    "/chunk-BQSXIHOG.js": "39bf46da745ba2b3afc2fc581c5a7803a96ddf67",
    "/chunk-C5RQ2IC2.js": "e04375ce73344ebf6057a814b6d3be1852c7d5c7",
    "/chunk-CKP3SGE2.js": "9a4312a44cc8ab8573488a48a18c01a6bb352c6b",
    "/chunk-CM36DTTZ.js": "8c2b9be7435cfcb4578d2693400010ae3841420d",
    "/chunk-D4ZHXQQS.js": "1fc4f3a04cba71e4c98ce09d4329369bb7536938",
    "/chunk-DCYPPRAK.js": "ba35adc7e84d0afe0d5c766ad9b9ee31a3078e29",
    "/chunk-DFAMUM5K.js": "a7ce01f4205ce5ffb288071f1ad4069acc76c8f2",
    "/chunk-E7ZOKENL.js": "27ca889a1a8ce9c98bae8853afda2496b2df5084",
    "/chunk-EA4QGESH.js": "d7f545339613eaa88330d1b4288cf7e00cb11d98",
    "/chunk-EAO2GMQP.js": "af0ed20f23ec97fc13d510cbe45b2022ddaf8484",
    "/chunk-EML4Z42K.js": "2c08f8b41cd8ec63ec26096df4dc3c9d98a00e6c",
    "/chunk-FA25AEA4.js": "67b189f290ca6770c1314e442b21f2feb4f64d07",
    "/chunk-FPOZYJOD.js": "cb025705bc4ff8361bd30e6be53fe69bc6867dcd",
    "/chunk-FPYZKSH4.js": "458d8d30c0d473da7935ce791404b0a613cb0c94",
    "/chunk-FRKIGHE4.js": "858956436c7041de39dd5987d714a0725531e045",
    "/chunk-GDF6KDIK.js": "f1fd0805bec4182839bd3748aaed7d38922d619e",
    "/chunk-GT5GH2MC.js": "591ff0b76d6ec6862795e328123e2adf8fc1b70a",
    "/chunk-HJRICCH7.js": "f3d72947a977d23004d3c34e5ef9a52e08c609fc",
    "/chunk-HRORXLUI.js": "03be8083eea2a730389168e120549face397092a",
    "/chunk-IK5HEOFA.js": "7dd6c051313d6f13b240a85ec6bd1a1fab482bf0",
    "/chunk-ILQCMFU7.js": "36da30976597bf595d2631791bc3c0a9a2a28b5e",
    "/chunk-ISKAMAXF.js": "783a8c6500c926a71ada006e0acd227c3ff98e5e",
    "/chunk-J4HE5L3X.js": "b6c49887f08c87242a56fe66bb289cf222e41cbb",
    "/chunk-JAVDZOHE.js": "94018ad082ffefcbdba9969c2cc698bac0ab1497",
    "/chunk-JHI3MBHO.js": "a36b3242848dc514776e1c7fd2cc5d64f3a737b2",
    "/chunk-JRHPA2OH.js": "4a8aaaa1b1a7cf78fc4e29b0a884196bc7557c36",
    "/chunk-JWPD6IDQ.js": "31c6387ee572518e7710d7b2f1b8979d33ecb047",
    "/chunk-JXO4FJDV.js": "de3c9f1dc3151bbf49940a5b22a09bc9b0034879",
    "/chunk-K5EAVOAE.js": "144648add503bcfbc2dc4e714bee452be972edc9",
    "/chunk-KD7IO6OC.js": "2482ce31febaf7dc688fbe076badb1698008fd01",
    "/chunk-KJSER43M.js": "b8057061bb54fa305c051d7c13d2346030998584",
    "/chunk-KOCN25GP.js": "59eaaaf8b34643292553d4c2706a6a6f35000217",
    "/chunk-LNOI6MBC.js": "4d491153f6ecdffeef3fb16c6e10ac44ce65a732",
    "/chunk-M2X7KQLB.js": "7610d018b4a45d32351f6d9f64fb4fa41b99fe9e",
    "/chunk-MHYDEEIR.js": "3dda2b3dfcc6231b2b42e2e1213e1d77fc132285",
    "/chunk-MTHZ7MWU.js": "a4770a18c0dccfdcce971b1ad8d4dece56104e85",
    "/chunk-MWYXYHWS.js": "e20c9def34a3772911425c704e65bfc2bb7c747f",
    "/chunk-NIEPKJ4W.js": "9f11885236628b45884f6169417b0d8ceed0a898",
    "/chunk-NLLETZA3.js": "a198e75a35481886715856d9eaec3fe22a9ddc61",
    "/chunk-NN6OCLIV.js": "ad5d9f18e6e9f944bf3b4f9c0d091f6b12619ca3",
    "/chunk-NQGOKQRF.js": "f95a13b1dc18f185be763c2905704b15e2b2969e",
    "/chunk-O3G4RVFH.js": "27fa0ff48430e55151c80de9bd8f3bd3d1534d17",
    "/chunk-ODR5KWPD.js": "82e9cdf4e1a1394f29371d0700d2bcd9364a85a3",
    "/chunk-OE366EJI.js": "15761b6261ca385392da33da104c60b876aaf250",
    "/chunk-OI3UAFFR.js": "28e9d03022942821deb3153efb4e9f9349bf5f3e",
    "/chunk-OLE52M43.js": "d18ab2d86af7e27cc7746016c39ca17c82a42bf4",
    "/chunk-OVGDV7IK.js": "60d0312c13e2c859a77d59512c767c1b0d6f2655",
    "/chunk-OW5WNTIG.js": "a4dc8b60e0369c78b16b5685594ecfefca223c94",
    "/chunk-OXN6DWIF.js": "bf4feba8e558a26bd31ebec9c96ab44497bc7341",
    "/chunk-P4YT7ILC.js": "e6e4b9b53e44a55ff8bbc7dcb957eea7c3058229",
    "/chunk-PAF2PI5E.js": "0f47bbf26d7829af5f02c0508c93f59148fa2fa5",
    "/chunk-QEZJALRR.js": "da76815c25cb6080ef3f4b0176c18b6a9cd84d46",
    "/chunk-QH4SWFDM.js": "15894c01a802cb82b724ab2f4c8817e5e1e94964",
    "/chunk-QJCI42UW.js": "8e3043665b680e851c7e56f9917742853bd5f586",
    "/chunk-QO6LP6CN.js": "92ad126cd62047953ba98ccc84ad088a6a314150",
    "/chunk-QUJFQN2Y.js": "3d8b0e78a6fe064a4c882a0599f7bc6a91502b47",
    "/chunk-QXRKCPK7.js": "51bdbcb4b5b14b7571b7c19689675ac080ec9a60",
    "/chunk-R5HL6L5F.js": "00bd4b45b0b53fb73a0df82c7b4665e53715a1c3",
    "/chunk-R5SHVWC7.js": "a06401b42fec9d12302a1c29f615d031cc734230",
    "/chunk-RAVDJK6K.js": "3ce8393f93abd68745559317ec05c65804c73f98",
    "/chunk-RNC2NPLC.js": "1ef9f8acf5927c9c865f0b4d6b027cd74e8e714f",
    "/chunk-ROD5I64S.js": "6486603edefa048d4bb7ff108527eab517c441a7",
    "/chunk-RTGKYQSJ.js": "771fa00f6ff120f9a9a9e35bf19f88125dad9a7c",
    "/chunk-RXMOXK3M.js": "41e2fb95ea6d9680e81751c8ca93ee99d3c83f12",
    "/chunk-S2VJO3LT.js": "39096ea8509347063afe529e6b538ce15babde9c",
    "/chunk-SCKONRGC.js": "5b6d47107e58373ea3dc79e4e6878406e21505e8",
    "/chunk-SE6TZ7MM.js": "d11916b18d49138065b75363b1b48a1113b165a4",
    "/chunk-T2Z3RKML.js": "aab49b7d135e3c8985341714c4b6c51be00cbade",
    "/chunk-T3JRH6H2.js": "6d6a0762584895d9b52e790362e7c708d8eeef4b",
    "/chunk-T4LVB24G.js": "a2ec161f4b847ac9f9c7151d4d3dca45312e6694",
    "/chunk-TAXKDDZC.js": "c3f2f57a3323d2fcb10d9228dae72eb706ed205b",
    "/chunk-TRB3QAIZ.js": "576d5e3edbd7ae7961bb829af6fc627dfa5be36a",
    "/chunk-TYT4MLS6.js": "be745b7f0e7e50514c69c25fa63835f9d0d0584c",
    "/chunk-ULUBRAOE.js": "9a1b7a7124e98ca9ae8cfcdeb031307dfe1611bb",
    "/chunk-UW4EDRBU.js": "f4ecb5614450470833ab7d0914bf8def5dd63b1d",
    "/chunk-UYAJIX6X.js": "0153efa4192550d1f4cde6b8a31dcf3df9725ce9",
    "/chunk-V6E7KJKS.js": "fd91a699be894e4f030222f6dd081a98025b251f",
    "/chunk-VCHLP75Z.js": "e2994e221761f5b45f682324490debf71e25e4cb",
    "/chunk-VL4K7EPI.js": "5cef73dfc2443d6d11132a8dc5a8b56b35f643ff",
    "/chunk-WEJZ66ED.js": "8820533cd435072a050dcd12212ba0a0653474ec",
    "/chunk-WI5MSH4N.js": "b9f98a370e268e3ec02471efe53af42a11782fb6",
    "/chunk-WINHRZQU.js": "e44b41c7a00c81cc621835610d61135b20c8c986",
    "/chunk-X6KN5DM7.js": "025783e973f4884fa3281538fafd81112f8c36f9",
    "/chunk-XCHF2ADM.js": "eff67a0a51d211ac9f2647609370369cb39f1250",
    "/chunk-XI5N6AYR.js": "011439708adfde6ce7c8f5db8c9d2bd2b22a31b9",
    "/chunk-XOMAOU2V.js": "3db629a4130ba6354d1fab48c7e4cf45bb1debb6",
    "/chunk-XSGAG2DX.js": "52720f25ae7d846bfeae488d9e9aa5458009baeb",
    "/chunk-Y24NU5UR.js": "0fa202d36ea55a538aa84a326135cd64dc12795d",
    "/chunk-YMJSLXJU.js": "de0e5c368f19453dc971adc0e51270a22b65b63d",
    "/chunk-YQE4XPYF.js": "04a59f964c98571d714063340a6693196dae49fd",
    "/chunk-YSN7XVTD.js": "ecf20790e0b675a126bdc6146014c11fa6d7c312",
    "/chunk-ZGHBVQKU.js": "6a26f4fb6530d91c4594a990559bf8ce098d5a90",
    "/chunk-ZI3DUJSD.js": "e2a2d8285900525069d0361642765186cd22a8f3",
    "/chunk-ZNIXM5WT.js": "09c6df87145ea5537e1dd2a7b4e2612b0a63911a",
    "/index.html": "30e8a18071195607acfe446ed3f5c606c06d3428",
    "/main-IFHSCLGX.js": "e0567ff3f9c456e74a9e753e1d9fcf6f715b6c58",
    "/polyfills-6BIPK22E.js": "9dfec73cc0251b9aae0c1b812f877227448710c5",
    "/styles-JQSYE4E5.css": "ada75639152fd1772483acdabde28762c03f1ea0"
  },
  "navigationUrls": [
    {
      "positive": true,
      "regex": "^\\/.*$"
    },
    {
      "positive": false,
      "regex": "^\\/(?:.+\\/)?[^/]*\\.[^/]*$"
    },
    {
      "positive": false,
      "regex": "^\\/(?:.+\\/)?[^/]*__[^/]*$"
    },
    {
      "positive": false,
      "regex": "^\\/(?:.+\\/)?[^/]*__[^/]*\\/.*$"
    }
  ],
  "navigationRequestStrategy": "performance"
}